accuracy,roc_auc,avg_precision
0.9210526315789473,0.9705125448028674,0.9572836363823674
