Modelo,F1 Score Promedio,Desviación Estándar
Random Forest,0.8916158427623391,0.01760633044731798
Decision Tree,0.828858352623171,0.02058170434208531
KNN,0.7612604589192372,0.01110846949053739
Neural Network,0.7433436574613699,0.028007191427069904
SVM,0.6796646413124867,0.04175444032587923
